City_ID,City,Country,Lat,Lng,Max Temp,Humidity,Cloudiness,Wind Speed,Current Description
0,Hilo,US,19.7297,-155.09,87.28,77,75,10.36,broken clouds
1,Basoko,CD,1.2391,23.616,72.3,93,100,2.84,light rain
2,Bubaque,GW,11.2833,-15.8333,80.13,77,100,9.82,overcast clouds
3,Hervey Bay,AU,-25.2986,152.8535,63.5,62,0,9.66,clear sky
4,Sorland,NO,67.667,12.6934,49.86,79,14,13.09,few clouds
5,Lasa,IT,46.6166,10.7002,58.37,91,87,1.7,overcast clouds
6,Kapaa,US,22.0752,-159.319,85.98,64,40,16.11,scattered clouds
7,Victoria,HK,22.2855,114.1577,90.25,79,0,4.0,clear sky
8,Hermanus,ZA,-34.4187,19.2345,52.23,83,0,12.39,clear sky
9,Omsukchan,RU,62.5333,155.8,58.39,39,61,6.4,broken clouds
10,Serta,PT,39.8085,-8.0988,61.95,75,0,6.33,clear sky
11,Ushuaia,AR,-54.8,-68.3,40.66,87,75,20.71,moderate rain
12,Tuktoyaktuk,CA,69.4541,-133.0374,48.2,87,75,13.8,broken clouds
13,Bluff,NZ,-46.6,168.3333,47.8,87,100,12.75,overcast clouds
14,Vila,PT,42.0304,-8.1588,54.7,79,0,1.14,clear sky
15,Mataura,NZ,-46.1927,168.8643,47.48,99,100,3.02,overcast clouds
16,Tasiilaq,GL,65.6145,-37.6368,39.36,96,82,9.33,broken clouds
17,Cape Town,ZA,-33.9258,18.4232,60.39,74,0,5.01,clear sky
18,Yellowknife,CA,62.456,-114.3525,66.72,68,75,11.5,broken clouds
19,Rikitea,PF,-23.1203,-134.9692,73.99,69,100,15.61,overcast clouds
20,Hithadhoo,MV,-0.6,73.0833,82.35,73,100,12.21,overcast clouds
21,Lompoc,US,34.6391,-120.4579,70.84,77,20,13.8,few clouds
22,Barrow,US,71.2906,-156.7887,33.82,100,100,17.27,mist
23,Arraial Do Cabo,BR,-22.9661,-42.0278,69.76,78,0,10.36,clear sky
24,Akot,IN,21.0964,77.0586,77.22,88,100,3.78,overcast clouds
25,Camacupa,AO,-12.0167,17.4833,53.15,35,100,3.47,overcast clouds
26,Pisco,PE,-13.7,-76.2167,62.65,82,20,2.3,few clouds
27,Albany,US,42.6001,-73.9662,73.81,70,100,1.61,overcast clouds
28,Busselton,AU,-33.65,115.3333,58.19,70,61,10.87,broken clouds
29,Necochea,AR,-38.5473,-58.7368,49.86,97,100,10.78,light rain
30,Saint-Philippe,RE,-21.3585,55.7679,67.59,82,19,7.27,light rain
31,San Vicente,AR,-26.6167,-54.1333,62.04,75,61,2.19,broken clouds
32,Orocue,CO,4.7912,-71.3354,73.45,93,99,4.65,overcast clouds
33,Lata,PT,40.1629,-8.3327,55.24,92,0,2.37,clear sky
34,Mount Isa,AU,-20.7333,139.5,71.37,26,0,12.66,clear sky
35,Kodiak,US,57.79,-152.4072,63.91,48,0,12.66,clear sky
36,Constitucion,CL,-35.3333,-72.4167,49.12,80,7,3.04,clear sky
37,Avarua,CK,-21.2078,-159.775,77.05,69,75,20.71,broken clouds
38,Mar Del Plata,AR,-38.0023,-57.5575,51.1,58,100,17.0,overcast clouds
39,Ribeira Grande,PT,38.5167,-28.7,73.0,86,36,11.07,scattered clouds
40,Puerto Ayora,EC,-0.7393,-90.3518,70.56,92,100,7.0,overcast clouds
41,Edd,ER,13.9297,41.6925,90.1,68,97,2.35,overcast clouds
42,Vardo,NO,70.3705,31.1107,53.58,94,75,4.61,broken clouds
43,Luderitz,NA,-26.6481,15.1594,55.06,74,0,2.3,clear sky
44,Hobart,AU,-42.8794,147.3294,53.06,63,20,8.05,few clouds
45,Brejning,DK,55.6613,9.677,49.98,87,1,8.55,clear sky
46,Kaeo,NZ,-35.1,173.7833,63.32,85,57,17.47,broken clouds
47,Torbay,CA,47.6666,-52.7314,64.38,87,20,9.22,few clouds
48,Oistins,BB,13.0667,-59.5333,80.69,78,40,18.41,scattered clouds
49,Oktyabrskiy,RU,54.4815,53.471,62.19,88,66,3.96,broken clouds
50,Port Alfred,ZA,-33.5906,26.891,62.53,81,88,14.67,overcast clouds
51,Lebu,CL,-37.6167,-73.65,48.69,86,8,6.33,clear sky
52,Cianorte,BR,-23.6633,-52.605,64.72,63,39,3.24,scattered clouds
53,Port Macquarie,AU,-31.4333,152.9167,63.9,47,0,5.59,clear sky
54,Palana,RU,59.1167,159.9667,51.78,89,89,9.13,light rain
55,Cabo San Lucas,MX,22.8909,-109.9124,88.11,51,20,14.97,few clouds
56,Pevek,RU,69.7008,170.3133,36.18,87,96,4.56,overcast clouds
57,Lodja,CD,-3.4833,23.4333,70.18,86,44,1.36,scattered clouds
58,Coquimbo,CL,-29.9533,-71.3436,55.62,86,100,5.88,overcast clouds
59,Chokurdakh,RU,70.6333,147.9167,60.15,35,97,13.87,overcast clouds
60,Beidao,CN,34.5686,105.8933,79.48,49,0,1.07,clear sky
61,Cayenne,GF,4.9333,-52.3333,76.08,1,0,0.0,clear sky
62,Maningrida,AU,-12.0667,134.2667,82.99,46,35,11.59,scattered clouds
63,Bredasdorp,ZA,-34.5322,20.0403,48.56,92,0,5.68,clear sky
64,Castro,BR,-24.7911,-50.0119,57.09,81,98,2.64,overcast clouds
65,Smithers,CA,54.7804,-127.1743,88.12,33,0,6.91,clear sky
66,Nikolskoye,RU,59.7035,30.7861,57.79,95,0,4.5,clear sky
67,La Ronge,CA,55.1001,-105.2842,71.85,33,40,8.05,scattered clouds
68,Isangel,VU,-19.55,169.2667,77.47,82,100,12.08,moderate rain
69,Longyearbyen,SJ,78.2186,15.6401,42.64,81,75,21.85,broken clouds
70,Cidreira,BR,-30.1811,-50.2056,60.73,86,100,6.89,overcast clouds
71,Poum,NC,-20.2333,164.0167,73.81,67,100,14.03,overcast clouds
72,Jamestown,US,42.097,-79.2353,72.99,73,100,6.91,overcast clouds
73,Guerrero Negro,MX,27.9769,-114.0611,70.21,78,63,16.37,broken clouds
74,Cap Malheureux,MU,-19.9842,57.6142,67.46,79,2,1.99,clear sky
75,Rawson,AR,-43.3002,-65.1023,41.45,78,10,13.98,clear sky
76,Mahebourg,MU,-20.4081,57.7,67.24,94,40,4.61,scattered clouds
77,Namtsy,RU,62.7161,129.6658,87.66,37,3,2.19,clear sky
78,Butaritari,KI,3.0707,172.7902,81.84,77,11,14.43,light rain
79,Kendari,ID,-3.945,122.4989,83.66,62,37,3.65,scattered clouds
80,Provideniya,RU,64.3833,-173.3,46.51,100,100,7.0,overcast clouds
81,Barcelona,ES,41.3888,2.159,78.75,83,75,2.3,broken clouds
82,Narsaq,GL,60.9167,-46.05,50.22,85,9,4.41,clear sky
83,Santa Clarita,US,34.3917,-118.5426,99.05,29,0,8.05,clear sky
84,Vuktyl,RU,63.8567,57.3094,59.27,63,96,3.56,overcast clouds
85,Bull Savanna,JM,17.8868,-77.5902,77.05,84,70,4.99,light rain
86,Falkenberg,SE,56.9055,12.4912,57.27,90,32,6.87,scattered clouds
87,Airai,TL,-8.9266,125.4092,65.01,53,21,5.21,few clouds
88,Dunedin,NZ,-45.8742,170.5036,46.8,87,100,10.0,overcast clouds
89,Bauchi,NG,10.5,10.0,71.06,91,100,3.69,overcast clouds
90,Mao,ES,39.8885,4.2658,73.96,73,0,0.0,clear sky
91,Verkhnevilyuysk,RU,63.4453,120.3167,83.12,47,28,6.35,scattered clouds
92,Pacific Grove,US,36.6177,-121.9166,74.21,82,75,8.05,broken clouds
93,Manzanillo,CU,20.3433,-77.1167,78.1,82,6,13.06,clear sky
94,Dikson,RU,73.5069,80.5464,40.86,94,97,12.44,overcast clouds
95,Linden,GY,6.0,-58.3,74.28,98,100,2.75,heavy intensity rain
96,Aasiaat,GL,68.7098,-52.8699,34.56,98,85,4.65,overcast clouds
97,Uryupinsk,RU,50.8047,42.0138,65.61,78,17,2.71,few clouds
98,Joshimath,IN,30.5667,79.5667,71.67,89,99,0.36,overcast clouds
99,Bay Roberts,CA,47.5999,-53.2648,64.33,92,11,5.99,few clouds
100,Hit,IQ,33.6416,42.8251,88.84,14,0,8.34,clear sky
101,Dukat,RU,62.55,155.55,57.2,39,81,7.11,broken clouds
102,Rocha,UY,-34.4833,-54.3333,64.08,93,100,8.3,moderate rain
103,Vanavara,RU,60.34,102.2797,65.23,71,100,2.48,overcast clouds
104,Chumikan,RU,54.7183,135.315,70.43,64,0,6.4,clear sky
105,Tiksi,RU,71.6872,128.8694,68.52,58,73,6.49,broken clouds
106,Pecos,US,31.4229,-103.4932,97.63,35,40,6.91,scattered clouds
107,Geraldton,AU,-28.7667,114.6,61.21,72,40,10.36,scattered clouds
108,Zabaykalsk,RU,49.6333,117.3167,70.7,59,9,7.34,clear sky
109,Pucara,PE,-15.9803,-71.4606,32.13,43,1,1.34,clear sky
110,Sovetskiy,RU,61.3614,63.5842,62.1,57,0,3.22,clear sky
111,Georgetown,MY,5.4112,100.3354,82.33,85,20,5.75,few clouds
112,Nhulunbuy,AU,-12.2333,136.7667,79.41,65,40,20.71,scattered clouds
113,Jijiga,ET,9.35,42.8,61.0,67,26,15.93,scattered clouds
114,Pangkalanbuun,ID,-2.6833,111.6167,80.6,82,93,3.13,overcast clouds
115,Punta Arenas,CL,-53.15,-70.9167,41.11,70,20,32.21,few clouds
116,Saint-Francois,FR,46.4154,3.9054,54.84,82,0,1.14,clear sky
117,Chippewa Falls,US,44.9369,-91.3929,77.18,49,0,10.36,clear sky
118,Nuuk,GL,64.1835,-51.7216,41.61,93,75,6.91,broken clouds
119,Portland,US,45.5234,-122.6762,98.91,40,20,10.36,few clouds
120,Hami,CN,42.8,93.45,89.65,10,0,11.05,clear sky
121,Viedma,AR,-40.8135,-62.9967,45.54,84,67,10.22,broken clouds
122,Lixourion,GR,38.2019,20.4314,78.96,67,6,4.09,clear sky
123,Pingzhuang,CN,42.0372,119.2889,67.15,86,100,4.38,light rain
124,Berlevag,NO,70.8578,29.0864,51.6,93,75,23.02,drizzle
125,Arteaga,MX,18.4667,-102.4167,65.52,98,100,2.8,overcast clouds
126,Carnarvon,AU,-24.8667,113.6333,73.49,44,100,4.23,overcast clouds
127,Abonnema,NG,4.7084,6.7931,73.27,96,100,6.26,moderate rain
128,Kavieng,PG,-2.5744,150.7967,84.85,70,17,18.25,light rain
129,Harper,LR,4.375,-7.7169,75.22,75,99,11.45,overcast clouds
130,Kaitangata,NZ,-46.2817,169.8464,44.98,94,100,7.31,overcast clouds
131,Richards Bay,ZA,-28.783,32.0377,64.63,87,87,5.84,overcast clouds
132,San Andres,CO,12.5847,-81.7006,82.42,78,75,9.22,broken clouds
133,Ambilobe,MG,-13.2,49.05,63.19,91,6,3.15,clear sky
134,Lagos,NG,6.5833,3.75,74.57,93,95,7.92,light rain
135,Adrar,MR,20.5022,-10.0711,96.31,10,0,9.28,clear sky
136,Jalu,LY,29.0331,21.5482,79.86,52,0,7.16,clear sky
137,Estelle,US,29.8458,-90.1067,86.0,73,75,4.61,broken clouds
138,Bhakkar,PK,31.6253,71.0657,90.43,62,100,6.51,overcast clouds
139,Esperance,AU,-33.8667,121.9,60.03,53,0,17.87,clear sky
140,Naze,JP,28.3667,129.4833,83.32,81,81,15.79,broken clouds
141,Taree,AU,-31.9,152.4667,62.06,48,0,5.23,clear sky
142,Baykit,RU,61.67,96.37,66.94,87,100,2.8,overcast clouds
143,Atuona,PF,-9.8,-139.0333,76.87,75,31,22.86,light rain
144,Sheridan,US,44.8333,-106.9173,80.98,38,0,12.66,clear sky
145,Aban,RU,56.67,96.06,62.87,65,100,5.95,overcast clouds
146,Port Blair,IN,11.6667,92.75,82.44,83,75,2.3,broken clouds
147,Yumen,CN,40.2833,97.2,86.58,15,88,11.97,overcast clouds
148,Mbale,UG,1.0821,34.175,63.37,91,71,4.41,light rain
149,Khatanga,RU,71.9667,102.5,69.69,48,88,2.48,overcast clouds
150,Qaanaaq,GL,77.484,-69.3632,37.69,90,41,2.46,scattered clouds
151,Fortuna,US,40.5982,-124.1573,66.92,78,0,14.97,clear sky
152,Mitsamiouli,KM,-11.3847,43.2844,75.54,70,37,5.73,scattered clouds
153,Westport,US,41.1415,-73.3579,77.43,82,0,5.99,clear sky
154,East Wenatchee Bench,US,47.4257,-120.2812,106.18,19,0,5.75,clear sky
155,Kampot,KH,10.6167,104.1833,82.45,71,43,0.81,scattered clouds
156,Mombetsu,JP,44.3525,143.3525,66.22,100,75,11.5,mist
157,Iberia,US,29.9502,-91.7507,80.98,78,20,0.0,few clouds
158,Nenjiang,CN,49.1833,125.2167,73.35,87,100,7.78,light rain
159,Vaini,TO,-21.2,-175.2,80.76,83,20,9.22,few clouds
160,Palmer,US,42.1584,-72.3287,75.06,74,75,3.44,broken clouds
161,Makarov,RU,48.6333,142.8,62.06,82,78,7.47,broken clouds
162,Honiara,SB,-9.4333,159.95,86.88,64,100,8.72,overcast clouds
163,Kombissiri,BF,12.0656,-1.3375,76.98,71,67,11.36,broken clouds
164,Horta,PT,38.5333,-28.6333,71.96,86,46,10.6,scattered clouds
165,Bambous Virieux,MU,-20.3428,57.7575,67.21,94,40,4.61,scattered clouds
166,Ponta Do Sol,PT,32.6667,-17.1,72.23,74,0,5.21,clear sky
167,Celestun,MX,20.8667,-90.4,82.09,76,88,12.86,overcast clouds
168,Cherskiy,RU,68.75,161.3,55.15,46,100,5.37,overcast clouds
169,Ojo Caliente,MX,22.5708,-102.2519,68.88,47,97,16.91,overcast clouds
170,Beringovskiy,RU,63.05,179.3167,48.7,92,100,2.89,overcast clouds
171,Muravlenko,RU,63.7898,74.523,57.6,61,9,9.1,clear sky
172,New Norfolk,AU,-42.7826,147.0587,52.72,77,95,1.01,overcast clouds
173,Kutno,PL,52.2306,19.3641,53.1,73,0,3.85,clear sky
174,Vestmannaeyjar,IS,63.4427,-20.2734,52.21,80,86,15.12,overcast clouds
175,Ostrovnoy,RU,68.0531,39.5131,59.9,86,58,15.86,broken clouds
176,Bara,NG,10.3744,10.7288,70.48,97,100,6.87,overcast clouds
177,Lorengau,PG,-2.0226,147.2712,84.63,72,50,12.37,scattered clouds
178,Agadir,MA,30.4202,-9.5982,70.25,73,0,4.43,clear sky
179,Inhambane,MZ,-23.865,35.3833,63.48,80,0,4.97,clear sky
180,Leningradskiy,RU,69.3833,178.4167,39.29,80,96,6.35,overcast clouds
181,Olkhovka,RU,53.2115,60.6069,56.55,75,0,11.07,clear sky
182,Saint-Leu,RE,-21.15,55.2833,68.83,74,17,4.47,few clouds
183,Umm Lajj,SA,25.0213,37.2685,84.81,65,58,7.49,broken clouds
184,Saldanha,ZA,-33.0117,17.9442,44.65,68,0,4.47,clear sky
185,Sitka,US,57.0531,-135.33,60.69,77,100,3.44,overcast clouds
186,Caravelas,BR,-17.7125,-39.2481,68.38,84,14,2.33,few clouds
187,Acapulco,MX,16.8634,-99.8901,82.22,78,75,3.44,broken clouds
188,Bafq,IR,31.6128,55.4107,83.98,55,81,5.91,broken clouds
189,Eschen,LI,47.2107,9.5222,62.56,82,54,1.01,broken clouds
190,Diffa,NE,13.3154,12.6113,78.48,73,100,7.83,overcast clouds
191,Ipixuna,BR,-1.7625,-48.8043,77.13,84,94,3.31,overcast clouds
192,Sattenapalle,IN,16.4,80.1833,81.32,81,100,3.83,overcast clouds
193,Ancud,CL,-41.8697,-73.8203,44.29,91,22,4.94,few clouds
194,Banda Aceh,ID,5.5577,95.3222,80.6,76,92,3.42,overcast clouds
195,Tezu,IN,27.9167,96.1667,77.14,96,99,1.19,overcast clouds
196,Vila Velha,BR,-20.3297,-40.2925,66.94,90,75,3.44,broken clouds
197,Thompson,CA,55.7435,-97.8558,60.96,77,75,4.61,broken clouds
198,Scarborough,GB,54.2797,-0.4044,59.32,80,100,8.99,overcast clouds
199,Port Elizabeth,ZA,-33.918,25.5701,57.09,93,40,2.3,scattered clouds
200,Pita,GN,10.8333,-12.5833,72.81,99,100,1.99,overcast clouds
201,Eureka,US,40.8021,-124.1637,67.19,79,23,5.01,few clouds
202,Katsuura,JP,35.1333,140.3,84.22,79,83,11.9,broken clouds
203,Laguna,US,38.421,-121.4238,99.45,32,0,12.66,clear sky
204,Iralaya,HN,15.0,-83.2333,79.56,82,1,8.72,clear sky
205,San Jose,US,37.3394,-121.895,85.59,52,75,11.5,smoke
206,Yulara,AU,-25.2406,130.9889,57.49,23,10,13.98,clear sky
207,San Patricio,US,28.017,-97.5169,87.75,65,5,12.91,clear sky
208,Whitehaven,GB,54.549,-3.5841,57.65,82,100,1.01,overcast clouds
209,Saint-Georges,GD,12.0564,-61.7485,78.48,89,40,10.36,scattered clouds
210,Luba,GQ,3.4568,8.5547,76.89,89,100,12.37,light rain
211,Aklavik,CA,68.2191,-135.0107,56.23,54,96,14.88,overcast clouds
212,Asau,RO,46.4333,26.4,63.52,86,9,3.96,clear sky
213,Athabasca,CA,54.7169,-113.2854,78.15,62,24,5.1,few clouds
214,Bethel,US,41.3712,-73.414,76.17,72,0,0.0,clear sky
215,Abha,SA,18.2164,42.5053,64.22,72,40,10.36,scattered clouds
216,Radhanpur,IN,23.8333,71.6,81.41,79,91,10.27,overcast clouds
217,Warrington,GB,53.3925,-2.5802,60.91,94,20,3.44,few clouds
218,Tuatapere,NZ,-46.1333,167.6833,44.56,94,100,1.77,light rain
219,Marsh Harbour,BS,26.5412,-77.0636,82.18,73,57,12.08,broken clouds
220,Opuwo,NA,-18.0607,13.84,58.71,28,33,5.64,scattered clouds
221,Solwezi,ZM,-12.1688,26.3894,50.7,62,75,3.67,broken clouds
222,Dingle,PH,10.9995,122.6711,86.04,73,100,9.1,overcast clouds
223,Vestmanna,FO,62.1564,-7.1664,50.92,100,100,12.66,overcast clouds
224,Dalvik,IS,65.9702,-18.5286,51.73,82,5,9.78,clear sky
225,Nioro,GM,13.35,-15.75,76.3,92,52,5.86,broken clouds
226,Saint Anthony,US,45.0205,-93.218,75.65,44,0,12.66,clear sky
227,Guilin,CN,25.2819,110.2864,86.11,65,100,3.76,overcast clouds
228,Yate,GB,51.5407,-2.4184,61.74,75,100,3.76,overcast clouds
229,Bemidji,US,47.4736,-94.8803,61.05,88,0,10.36,clear sky
230,Kindu,CD,-2.95,25.95,68.38,94,7,2.21,clear sky
231,Alofi,NU,-19.0595,-169.9187,78.69,78,20,16.11,few clouds
232,Boa Vista,BR,2.8197,-60.6733,76.98,88,75,5.75,broken clouds
233,Emporia,US,38.4039,-96.1817,86.2,62,0,5.75,clear sky
234,Vostok,RU,46.4856,135.8833,81.05,54,51,4.65,broken clouds
235,Erzin,TR,36.9559,36.2,75.56,53,0,2.75,clear sky
236,Saskylakh,RU,71.9167,114.0833,70.92,58,85,10.11,overcast clouds
237,Anadyr,RU,64.75,177.4833,52.3,81,75,11.18,broken clouds
238,East London,ZA,-33.0153,27.9116,63.63,77,100,10.2,overcast clouds
239,Nelson,NZ,-41.2833,173.2833,50.47,88,100,2.44,overcast clouds
240,Bilibino,RU,68.0546,166.4372,52.29,47,100,3.09,overcast clouds
241,Kavaratti,IN,10.5669,72.642,78.19,88,100,17.4,overcast clouds
242,Tarjan,HU,47.6104,18.5107,70.84,61,84,2.98,broken clouds
243,Elmont,US,40.7009,-73.7129,80.08,69,75,13.8,broken clouds
244,Yenagoa,NG,4.9247,6.2642,73.83,96,99,5.28,light rain
245,Paamiut,GL,61.994,-49.6678,42.01,93,67,15.82,broken clouds
246,Hualmay,PE,-11.0964,-77.6139,61.97,85,39,11.34,scattered clouds
247,Komsomolskiy,UZ,40.4272,71.7189,79.52,44,3,6.91,clear sky
248,Kenmare,IE,51.8833,-9.5833,58.06,91,98,3.98,overcast clouds
249,Klaksvik,FO,62.2266,-6.589,52.72,93,80,14.03,broken clouds
250,Bay City,US,43.5945,-83.8889,77.32,63,40,9.22,scattered clouds
251,Lagoa,PT,39.05,-27.9833,71.22,81,0,7.74,clear sky
252,Sao Joao Da Barra,BR,-21.6403,-41.0511,69.06,82,0,10.04,clear sky
253,Riverton,US,40.5219,-111.9391,93.7,18,0,8.05,clear sky
254,Waitati,NZ,-45.75,170.5667,46.8,89,100,5.41,overcast clouds
255,Kisangani,CD,0.5167,25.2,70.59,97,100,1.99,overcast clouds
256,Kenai,US,60.5544,-151.2583,69.89,32,0,8.05,clear sky
257,Coahuayana,MX,18.7333,-103.6833,79.59,80,100,1.66,overcast clouds
258,Nome,US,64.5011,-165.4064,54.16,82,100,11.5,overcast clouds
259,Nemuro,JP,43.3236,145.575,64.35,93,54,4.36,broken clouds
260,Xining,CN,36.6167,101.7667,65.16,42,1,3.0,clear sky
261,Mwanza,TZ,-2.5167,32.9,72.1,53,100,7.63,overcast clouds
262,Bikin,RU,46.8161,134.26,86.61,57,16,4.14,few clouds
263,Kapiri Mposhi,ZM,-13.9652,28.6809,52.29,79,26,6.35,scattered clouds
264,Sohag,EG,26.557,31.6948,83.84,22,0,5.08,clear sky
265,Wanaka,NZ,-44.7,169.15,47.1,83,96,1.01,overcast clouds
266,Kununurra,AU,-15.7667,128.7333,75.18,20,5,10.36,clear sky
267,Pakdasht,IR,35.4752,51.6807,91.4,34,100,6.67,moderate rain
268,Nizwa,OM,22.9333,57.5333,76.17,81,94,6.04,overcast clouds
269,Mitu,CO,1.1983,-70.1733,71.38,99,100,1.07,heavy intensity rain
270,Bedesa,ET,8.9,40.7833,63.07,66,89,6.38,overcast clouds
271,Vieques,PR,18.425,-65.8329,80.1,83,40,4.61,scattered clouds
272,Cuenca,EC,-2.8833,-78.9833,55.53,88,75,4.61,broken clouds
273,Chuy,UY,-33.6971,-53.4616,58.8,98,100,5.61,overcast clouds
274,Sansepolcro,IT,43.5747,12.143,70.9,66,0,3.38,clear sky
275,Krasnoselkup,RU,65.7,82.4667,55.29,73,92,17.58,overcast clouds
276,Kemin,KG,42.7846,75.6892,77.22,34,35,3.2,scattered clouds
277,Pochutla,MX,15.7432,-96.4661,80.82,92,55,2.08,broken clouds
278,Iquique,CL,-20.2208,-70.1431,59.04,79,59,2.55,broken clouds
279,Saint-Pierre,RE,-21.3393,55.4781,67.91,70,100,8.05,overcast clouds
280,Muleba,TZ,-1.8397,31.6544,70.54,62,93,5.95,overcast clouds
281,Puerto Cabezas,NI,14.0351,-83.3888,77.79,86,4,7.25,clear sky
282,Severnyy,RU,50.677,36.5532,68.04,77,0,4.47,clear sky
283,Zhigalovo,RU,54.8097,105.1578,55.81,98,100,4.92,light rain
284,Marfino,RU,55.7028,37.3822,68.34,77,0,4.47,clear sky
285,Jonesboro,US,35.8423,-90.7043,89.37,62,0,11.5,clear sky
286,Souillac,MU,-20.5167,57.5167,66.58,94,40,4.61,light rain
287,Kedrovyy,RU,56.1667,91.8167,57.87,58,74,2.46,broken clouds
288,Kruisfontein,ZA,-34.0033,24.7314,54.88,90,1,4.52,clear sky
289,Henties Bay,NA,-22.116,14.2845,53.47,82,2,4.18,clear sky
290,Kazerun,IR,29.6195,51.6541,79.54,81,94,1.88,overcast clouds
291,Paita,PE,-5.0892,-81.1144,63.9,85,11,16.46,few clouds
292,Alamogordo,US,32.8995,-105.9603,87.15,32,0,5.75,clear sky
293,Aleksandrovskiy Zavod,RU,50.9237,117.9374,69.31,68,56,4.16,broken clouds
294,Port Hedland,AU,-20.3167,118.5667,75.25,31,0,11.5,clear sky
295,Steinbach,DE,50.1667,8.5667,62.11,51,0,9.22,clear sky
296,Torrejon De Ardoz,ES,40.4553,-3.4697,83.3,37,0,5.75,clear sky
297,Puerto Del Rosario,ES,28.5004,-13.8627,73.15,73,75,12.66,broken clouds
298,Shelburne,CA,44.0787,-80.2041,68.79,73,39,6.93,scattered clouds
299,Tagusao,PH,9.1924,117.8141,85.05,72,100,4.97,overcast clouds
300,Mount Gambier,AU,-37.8333,140.7667,54.01,59,100,7.2,overcast clouds
301,Bayir,TR,37.2687,28.2167,63.12,38,0,2.51,clear sky
302,Jaciara,BR,-15.9653,-54.9683,71.55,36,0,2.84,clear sky
303,Vila Franca Do Campo,PT,37.7167,-25.4333,73.81,93,66,3.31,broken clouds
304,Ngaoundere,CM,7.3167,13.5833,62.83,97,100,0.6,overcast clouds
305,Clyde River,CA,70.4692,-68.5914,37.63,100,100,6.91,light rain
306,Capreol,CA,46.706,-80.9225,64.87,88,75,6.91,broken clouds
307,Talnakh,RU,69.4865,88.3972,54.21,62,89,11.16,overcast clouds
308,Portoferraio,IT,42.8115,10.3146,80.96,73,0,15.17,clear sky
309,Novoagansk,RU,61.9449,76.6625,59.45,69,63,10.87,broken clouds
310,Lotofaga,WS,-13.9764,-171.8578,85.78,68,3,16.2,clear sky
311,Kirakira,SB,-10.4544,161.9205,84.43,69,100,9.42,overcast clouds
312,Concepcion,CL,-36.827,-73.0498,51.6,87,40,5.75,scattered clouds
313,Kahului,US,20.8947,-156.47,87.82,48,20,23.02,few clouds
314,Cape Coast,GH,5.1053,-1.2466,74.44,89,25,13.82,scattered clouds
315,Salalah,OM,17.0151,54.0924,77.09,94,100,8.05,light intensity drizzle
316,Bereda,ES,43.2686,-7.5406,56.57,100,21,0.98,few clouds
317,Stratonion,GR,40.5141,23.8247,76.21,56,0,3.65,clear sky
318,Dwarka,IN,22.2394,68.9678,81.88,78,91,9.62,overcast clouds
319,Beirut,LB,33.8889,35.4944,83.37,78,20,1.14,few clouds
320,Tessalit,ML,20.1986,1.0114,94.03,20,64,10.22,broken clouds
321,San Luis,AR,-33.295,-66.3356,45.34,87,98,9.28,overcast clouds
322,Vitim,RU,59.4511,112.5578,77.76,70,96,0.43,overcast clouds
323,Sokoni,TZ,-6.4333,39.55,75.02,79,52,15.17,light rain
324,Upernavik,GL,72.7868,-56.1549,40.19,85,100,1.74,overcast clouds
325,Faya,SA,18.3851,42.4509,64.51,65,100,5.01,overcast clouds
326,Ahipara,NZ,-35.1667,173.1667,57.87,87,66,16.62,broken clouds
327,Paranga,RU,56.7039,49.4047,55.96,81,35,4.76,scattered clouds
328,Batemans Bay,AU,-35.7167,150.1833,57.09,46,22,5.12,few clouds
329,Olinda,BR,-8.0089,-34.8553,73.13,83,100,5.75,overcast clouds
330,Sechura,PE,-5.5569,-80.8222,63.97,81,6,17.25,clear sky
331,Tautira,PF,-17.7333,-149.15,76.98,79,42,26.33,light rain
332,Carndonagh,IE,55.25,-7.2667,52.5,87,100,3.42,overcast clouds
333,Cranbrook,CA,49.4999,-115.7688,93.04,20,20,6.91,few clouds
334,Cururupu,BR,-1.8283,-44.8683,73.96,88,31,2.26,scattered clouds
335,Manado,ID,1.487,124.8455,88.57,66,40,3.44,scattered clouds
336,Kamakwie,SL,9.5,-12.2333,70.97,99,74,3.33,broken clouds
337,Bengkulu,ID,-3.8004,102.2655,81.18,72,47,1.7,scattered clouds
338,Khislavichi,RU,54.1871,32.1582,59.88,94,99,5.28,overcast clouds
339,Acarau,BR,-2.8856,-40.12,79.07,77,100,14.9,overcast clouds
340,Hasaki,JP,35.7333,140.8333,91.29,80,72,16.04,broken clouds
341,Pastos Bons,BR,-6.6017,-44.0767,72.27,50,51,4.12,broken clouds
342,Bayan,CN,46.0833,127.4,84.02,59,100,5.66,overcast clouds
343,Ilulissat,GL,69.2167,-51.1,44.62,93,75,4.61,broken clouds
344,Hailar,CN,49.2,119.7,73.06,67,100,11.52,overcast clouds
345,Belomorsk,RU,64.5232,34.7668,59.23,91,100,8.25,overcast clouds
346,Saint George,US,37.1041,-113.5841,81.19,60,75,11.5,light rain
347,Maldonado,UY,-34.6667,-54.9167,56.23,93,100,6.29,moderate rain
348,Khandyga,RU,62.6667,135.6,83.21,39,6,2.91,clear sky
349,Luganville,VU,-15.5333,167.1667,82.27,73,93,6.93,overcast clouds
350,Pionki,PL,51.476,21.4499,62.06,49,66,5.39,broken clouds
351,Manicaragua,CU,22.1494,-79.9736,79.93,91,100,6.53,overcast clouds
352,Maku,IR,39.2911,44.4521,70.41,60,0,0.0,clear sky
353,Mwinilunga,ZM,-11.7358,24.4293,53.13,57,100,3.62,overcast clouds
354,Kedgwick,CA,47.6446,-67.3434,57.85,91,64,1.25,broken clouds
355,Nishihara,JP,26.1842,127.7558,85.68,83,75,9.22,haze
356,Takoradi,GH,4.8845,-1.7554,75.42,83,97,12.41,overcast clouds
357,Sarh,TD,9.1429,18.3923,71.65,94,100,2.35,overcast clouds
358,Hearst,CA,49.6835,-83.6665,59.25,96,51,4.45,broken clouds
359,Mackenzie,CA,55.2999,-123.1698,89.82,27,0,8.05,clear sky
360,Lexington,US,37.9887,-84.4777,79.92,86,20,0.0,few clouds
361,Totness,SR,5.8833,-56.3167,77.63,86,100,5.21,light rain
362,Mokhsogollokh,RU,61.4681,128.9203,84.9,38,0,3.47,clear sky
363,Sisimiut,GL,66.9395,-53.6735,42.1,90,54,0.65,broken clouds
364,Atar,MR,20.5169,-13.0499,96.71,17,53,18.07,broken clouds
365,Belyy Yar,RU,53.6039,91.3903,62.85,75,0,0.0,clear sky
366,Langfang,CN,39.5097,116.6947,72.82,90,100,6.04,light rain
367,Broome,US,42.2506,-75.833,75.88,78,74,1.01,broken clouds
368,Camapua,BR,-19.5314,-54.0439,71.78,33,0,3.02,clear sky
369,Olafsvik,IS,64.8945,-23.7142,47.84,81,100,25.59,overcast clouds
370,Pangody,RU,65.85,74.4859,58.51,62,2,10.94,clear sky
371,Brae,GB,60.3964,-1.353,51.8,80,70,6.78,broken clouds
372,Ugoofaaru,MV,5.6667,73.0,81.86,74,100,14.76,overcast clouds
373,Ust-Kuyga,RU,70.0167,135.6,78.91,44,98,5.37,overcast clouds
374,Gallup,US,35.5281,-108.7426,73.24,57,100,10.36,overcast clouds
375,Rafai,CF,4.95,23.9167,67.6,99,100,2.1,overcast clouds
376,Providencia,MX,28.7167,-111.5833,93.2,50,80,7.58,broken clouds
377,Yangjiang,CN,21.85,111.9667,86.99,68,3,4.38,clear sky
378,Severo-Kurilsk,RU,50.6789,156.125,55.38,86,96,7.07,overcast clouds
379,Kampong Thum,KH,12.7111,104.8887,84.34,75,13,5.53,few clouds
380,Teacapan,MX,22.55,-105.75,82.72,81,100,6.24,overcast clouds
381,College,US,64.8569,-147.8028,61.07,63,75,12.66,broken clouds
382,Pingxiang,CN,27.6167,113.85,93.83,49,94,5.23,overcast clouds
383,Huntingdon,GB,52.3305,-0.1865,60.93,75,100,1.99,overcast clouds
384,Nara,JP,34.6851,135.8049,91.96,43,100,2.68,overcast clouds
385,La Palma,US,33.8464,-118.0467,92.71,62,20,11.5,few clouds
386,Lucea,JM,18.451,-78.1736,82.26,79,41,10.33,scattered clouds
387,Meulaboh,ID,4.1363,96.1285,78.89,81,96,2.15,overcast clouds
388,Lerwick,GB,60.1545,-1.1494,53.6,78,38,5.97,scattered clouds
389,Northam,GB,51.0333,-4.2167,55.38,84,100,3.83,overcast clouds
390,Petropavlovsk-Kamchatskiy,RU,53.0452,158.6483,73.99,43,40,4.47,light rain
391,Oxford,GB,51.7522,-1.256,61.48,66,100,3.44,overcast clouds
392,Erdenet,MN,49.0333,104.0833,50.36,93,100,2.15,overcast clouds
393,Basco,PH,20.4487,121.9702,85.39,77,95,12.77,overcast clouds
394,Bandarbeyla,SO,9.4942,50.8122,76.78,69,99,25.03,overcast clouds
395,Prainha,BR,-1.8,-53.48,77.68,72,97,3.98,overcast clouds
396,Saint-Louis,SN,16.3333,-15.0,80.89,74,67,18.88,broken clouds
397,Cumpas,MX,29.9833,-109.7833,73.45,84,92,11.86,overcast clouds
398,Vargashi,RU,55.3556,65.8467,56.53,88,100,11.7,light rain
399,Dongli,CN,23.5656,116.8194,87.78,74,20,2.24,few clouds
400,Svarstad,NO,59.399,9.9698,56.71,51,92,3.71,overcast clouds
401,Gohpur,IN,26.8833,93.6333,82.8,80,41,2.86,scattered clouds
402,Ballina,AU,-28.8667,153.5667,65.01,55,0,5.46,clear sky
403,Bonavista,CA,48.6499,-53.1147,60.28,95,11,10.69,few clouds
404,Storforshei,NO,66.4043,14.5233,47.98,81,100,6.91,overcast clouds
405,Yatou,CN,37.15,122.3833,77.36,90,100,9.62,overcast clouds
406,Coos Bay,US,43.3665,-124.2179,75.31,91,100,8.05,overcast clouds
407,Salto De Agua,MX,17.6167,-92.3667,76.62,93,100,1.92,overcast clouds
408,Codrington,AU,-38.2667,141.9667,51.78,77,100,10.04,overcast clouds
409,Barabai,ID,-2.5833,115.3833,84.42,71,100,0.29,overcast clouds
410,Vanderhoof,CA,54.0166,-124.0198,89.42,37,1,2.55,clear sky
411,Kintampo,GH,8.0563,-1.7306,69.85,95,99,8.84,light rain
412,Sao Filipe,CV,14.8961,-24.4956,78.46,88,84,2.57,broken clouds
413,Kimamba,TZ,-6.7833,37.1333,62.98,89,27,0.6,scattered clouds
414,Norman Wells,CA,65.282,-126.8329,66.24,39,75,2.3,broken clouds
415,Tutoia,BR,-2.7619,-42.2744,77.13,88,19,9.1,few clouds
416,Gat,IL,31.61,34.7642,77.4,69,0,2.55,clear sky
417,Qui Nhon,VN,13.7667,109.2333,85.62,66,12,1.52,few clouds
418,Ginir,ET,7.1333,40.7,55.53,79,66,8.77,broken clouds
419,Bumba,CD,2.1833,22.4667,71.1,97,100,1.57,light rain
420,Santa Isabel Do Rio Negro,BR,-0.4139,-65.0192,73.56,92,99,2.04,overcast clouds
421,Avera,US,33.194,-82.5271,82.45,57,52,8.86,broken clouds
422,Peleduy,RU,59.6289,112.7406,80.15,64,71,0.96,broken clouds
423,Stornoway,GB,58.2093,-6.3865,48.92,96,100,1.14,overcast clouds
424,Nanortalik,GL,60.1432,-45.2371,42.37,86,96,7.67,overcast clouds
425,Slobodskoy,RU,58.7322,50.1772,55.81,77,1,3.11,clear sky
426,Axim,GH,4.8699,-2.2405,75.99,82,99,13.56,overcast clouds
427,Coihaique,CL,-45.5752,-72.0662,39.15,65,0,2.3,clear sky
428,Lebork,PL,54.5392,17.7501,57.92,99,87,10.36,overcast clouds
429,San Quintin,MX,30.4833,-115.95,69.44,79,12,13.38,few clouds
430,Berezovyy,RU,51.6667,135.7,79.41,60,100,2.75,overcast clouds
431,Urzhum,RU,57.1141,49.9996,55.78,81,51,4.56,broken clouds
432,Monte Patria,CL,-30.6919,-70.9467,54.55,78,80,1.43,broken clouds
433,Nurpur,IN,29.15,78.4167,84.83,65,34,8.97,scattered clouds
434,Mfou,CM,3.7159,11.6427,69.66,100,75,2.3,broken clouds
435,Rauma,FI,61.1272,21.5113,59.04,71,100,13.91,overcast clouds
436,Saint-Joseph,RE,-21.3667,55.6167,66.58,79,16,5.26,light rain
437,Gemena,CD,3.25,19.7667,69.53,98,98,0.92,light rain
438,Weingarten,DE,47.8,9.6333,62.55,67,81,4.61,broken clouds
439,Oum Hadjer,TD,13.2954,19.6966,72.3,83,100,15.77,light rain
440,Tilichiki,RU,60.4667,166.1,49.28,67,100,14.99,overcast clouds
441,Yeppoon,AU,-23.1333,150.7333,64.18,49,0,7.7,clear sky
442,Grindavik,IS,63.8424,-22.4338,49.95,93,75,23.02,broken clouds
443,Marawi,PH,7.9986,124.2928,80.42,70,70,1.63,broken clouds
444,Aguimes,ES,27.9054,-15.4461,71.65,78,20,28.99,few clouds
445,Sawankhalok,TH,17.316,99.8319,82.29,94,20,3.44,few clouds
446,Yushala,RU,57.0761,64.2601,57.29,77,100,8.12,overcast clouds
447,Hovd,MN,48.0056,91.6419,63.57,35,2,4.34,clear sky
448,Flinders,AU,-34.5833,150.8552,66.06,56,10,5.99,clear sky
449,Namibe,AO,-15.1961,12.1522,62.06,80,78,6.93,broken clouds
450,Bayonne,FR,43.3333,-1.4167,63.36,82,20,4.61,few clouds
451,Okaihau,NZ,-35.3167,173.7833,54.3,93,93,10.22,overcast clouds
452,Ntchisi,MW,-13.5278,33.9149,49.71,81,2,2.66,clear sky
453,San Policarpo,PH,12.1791,125.5072,83.41,82,100,6.96,overcast clouds
454,High Rock,BS,26.6208,-78.2833,82.81,75,50,12.33,scattered clouds
455,Atambua,ID,-9.1061,124.8925,79.05,51,73,3.98,broken clouds
456,Bad Ischl,AT,47.7111,13.6189,59.23,94,6,3.96,clear sky
457,Tura,IN,25.5198,90.2201,79.16,87,67,3.94,broken clouds
458,Hun,LY,29.1268,15.9477,77.72,41,0,4.52,clear sky
459,Meadow Lake,US,34.8014,-106.5436,80.04,56,60,2.33,broken clouds
460,Sainte-Maxime,FR,43.3,6.6333,75.18,76,1,2.89,clear sky
461,Arcoverde,BR,-8.4189,-37.0539,59.63,95,9,4.5,clear sky
462,Rundu,NA,-17.9333,19.7667,53.51,41,41,6.11,scattered clouds
463,Cauas,RO,47.5667,22.55,55.45,74,62,3.96,broken clouds
464,Ayagoz,KZ,47.9714,80.4392,82.51,26,16,13.0,few clouds
465,Nikki,BJ,9.9401,3.2108,70.81,96,95,7.92,overcast clouds
466,Itoman,JP,26.1247,127.6694,86.4,86,75,8.05,broken clouds
467,Otane,NZ,-39.8833,176.6333,65.01,65,100,10.11,light rain
468,Rosetta,EG,31.4044,30.4164,76.78,74,0,4.41,clear sky
469,Tripoli,LY,32.8752,13.1875,82.44,47,0,3.91,clear sky
470,Dongsheng,CN,39.8161,109.9776,74.55,41,0,7.92,clear sky
471,Aripuana,BR,-9.1667,-60.6333,73.56,46,5,1.03,clear sky
472,Vanimo,PG,-2.6741,141.3028,86.05,66,49,7.25,scattered clouds
473,Sale,MA,34.0389,-6.8166,70.75,83,75,0.0,broken clouds
474,Salvador,SV,13.8333,-88.9167,74.05,97,100,1.59,overcast clouds
475,Praia Da Vitoria,PT,38.7333,-27.0667,73.76,94,75,8.86,mist
476,Alihe,CN,50.5667,123.7167,71.67,92,100,3.24,moderate rain
477,Corinto,GR,37.9407,22.9573,76.89,53,0,4.34,clear sky
478,Sena Madureira,BR,-9.0656,-68.6569,78.84,60,70,1.32,broken clouds
479,Srednekolymsk,RU,67.45,153.6833,55.63,44,99,10.69,overcast clouds
480,Panzos,GT,15.4,-89.6667,74.61,99,100,0.72,overcast clouds
481,Mahon,ES,39.8885,4.2658,73.96,73,0,0.0,clear sky
482,Brasilia,BR,-15.7797,-47.9297,63.52,55,0,4.61,clear sky
483,Chingirlau,KZ,51.095,54.0814,68.27,73,2,5.41,clear sky
484,Birao,CF,10.2849,22.7882,70.07,97,100,3.96,moderate rain
485,Port Hardy,CA,50.6996,-127.4199,75.38,60,20,9.22,few clouds
486,Kaniama,CD,-7.5667,24.1833,66.4,44,7,5.1,clear sky
487,Havelock,US,34.8791,-76.9013,84.16,89,63,4.0,broken clouds
488,Cockburn Town,TC,21.4612,-71.1419,81.23,77,0,20.74,clear sky
489,Bobrovytsya,UA,50.75,31.3833,61.66,78,100,8.75,overcast clouds
490,Margate,GB,51.3813,1.3862,63.9,76,100,3.0,overcast clouds
491,Hay River,CA,60.8156,-115.7999,67.98,68,40,10.36,smoke
492,Poso,ID,-1.3959,120.7524,85.39,61,58,0.6,broken clouds
493,Faanui,PF,-16.4833,-151.75,78.69,76,15,25.5,few clouds
494,Gushikawa,JP,26.3544,127.8686,85.62,79,75,9.22,light intensity shower rain
495,Taltal,CL,-25.4,-70.4833,60.01,79,100,3.89,overcast clouds
496,Oranjemund,NA,-28.55,16.4333,51.93,84,0,2.33,clear sky
497,Usak,TR,38.5,29.4167,68.45,36,0,5.35,clear sky
498,Rudnogorsk,RU,57.2639,103.7519,55.67,98,100,3.78,light rain
499,Guozhen,CN,34.3659,107.359,82.78,48,0,2.46,clear sky
500,Ghanzi,BW,-21.5667,21.7833,57.4,32,6,10.36,clear sky
501,Mizan Teferi,ET,6.9833,35.5833,60.13,90,100,2.82,overcast clouds
502,Daru,PG,-9.0763,143.2092,78.22,88,46,18.81,scattered clouds
503,Zhangye,CN,38.9342,100.4517,82.45,20,73,3.11,broken clouds
504,Barra,BR,-11.0894,-43.1417,70.83,59,0,6.69,clear sky
505,Magdalena,PH,14.1999,121.429,83.35,77,100,6.42,overcast clouds
506,Sioux Lookout,CA,50.1001,-91.917,59.07,94,75,5.75,broken clouds
507,Maniitsoq,GL,65.4167,-52.9,42.04,85,23,11.43,few clouds
508,Sikasso,ML,10.9167,-7.0,73.53,85,16,7.11,few clouds
509,Goksun,TR,38.021,36.4973,61.0,39,0,6.76,clear sky
510,Turbat,PK,26.0023,63.044,80.58,81,100,1.61,overcast clouds
511,Sarangani,PH,5.4033,125.4636,83.03,76,62,6.78,broken clouds
512,Baracoa,CU,20.3467,-74.4958,79.34,83,55,12.1,broken clouds
513,Mingaora,PK,34.7758,72.3625,76.33,88,100,2.28,overcast clouds
514,Mayskiy,RU,47.6931,40.1025,63.81,61,1,3.04,clear sky
515,Fairbanks,US,64.8378,-147.7164,61.09,62,75,12.66,broken clouds
516,Matay,EG,28.419,30.7792,80.13,28,0,8.66,clear sky
517,Emerald,AU,-23.5333,148.1667,62.35,48,0,15.48,clear sky
518,Rurrenabaque,BO,-14.4413,-67.5278,78.53,66,92,1.21,overcast clouds
519,Saint-Augustin,CA,51.226,-58.6502,58.17,90,75,7.11,broken clouds
520,Nogliki,RU,51.8333,143.1667,60.85,77,67,7.99,broken clouds
521,Camacha,PT,33.0833,-16.3333,67.42,78,40,12.66,scattered clouds
522,Idlib,SY,35.9306,36.6339,73.35,47,0,4.97,clear sky
523,Touros,BR,-5.1989,-35.4608,73.6,85,12,11.34,few clouds
524,Mehamn,NO,71.0357,27.8492,49.91,100,100,21.85,drizzle
525,Linjiang,CN,41.8069,126.9078,84.63,58,100,1.72,overcast clouds
526,Nicoya,CR,10.1483,-85.452,74.43,94,100,0.31,moderate rain
527,Iqaluit,CA,63.7506,-68.5145,51.53,71,75,3.44,broken clouds
528,Jati,PK,24.3539,68.2671,81.21,83,71,10.2,broken clouds
529,Izhma,RU,65.0083,53.9113,60.57,57,31,6.2,scattered clouds
530,Janauba,BR,-15.8025,-43.3089,64.27,63,0,6.51,clear sky
531,Wasilla,US,61.5814,-149.4394,71.37,40,0,9.22,clear sky
532,Barcelos,PT,41.5388,-8.6151,64.85,79,1,2.53,clear sky
533,Ishimbay,RU,53.4545,56.0415,61.77,90,44,0.94,scattered clouds
534,Koutsouras,GR,35.0339,25.9469,80.11,42,0,7.63,clear sky
535,Abu Kamal,SY,34.4506,40.9171,87.33,16,0,7.07,clear sky
536,Road Town,VG,18.4167,-64.6167,80.69,83,40,6.91,scattered clouds
537,Madison,US,34.7334,-86.5667,87.6,66,40,13.0,scattered clouds
538,Raga,SS,8.4596,25.678,68.74,98,100,4.07,light rain
539,Chabahar,IR,25.2919,60.643,82.17,81,100,8.32,overcast clouds
540,Lazaro Cardenas,MX,17.9583,-102.2,81.1,76,100,2.33,overcast clouds
541,Hatillo,PR,18.4863,-66.8254,77.79,91,12,1.01,few clouds
542,Cottonwood,US,34.7392,-112.0099,83.35,67,97,1.99,light rain
543,Castelo Do Piaui,BR,-5.3222,-41.5525,79.05,45,93,3.33,overcast clouds
544,Pemba,MZ,-12.974,40.5178,69.73,76,9,14.23,clear sky
545,Brus Laguna,HN,15.75,-84.4833,75.4,92,5,3.44,clear sky
546,Teknaf,BD,20.8624,92.3058,84.0,74,76,3.74,broken clouds
547,Punta Alta,AR,-38.8759,-62.0736,47.73,85,91,14.2,overcast clouds
548,Takahagi,JP,36.7167,140.7167,86.09,84,100,5.08,overcast clouds
549,Atherton,GB,53.5237,-2.4935,60.3,95,100,2.57,overcast clouds
550,Muyinga,BI,-2.8333,30.3333,61.97,62,71,3.0,broken clouds
551,Primorsk,UA,46.7348,36.3443,69.42,65,0,6.24,clear sky
552,Griffith,US,41.5284,-87.4237,79.9,94,40,0.0,scattered clouds
553,Aquiraz,BR,-3.9014,-38.3911,79.18,82,100,11.59,overcast clouds
554,Balkhash,KZ,46.844,74.9804,74.01,33,0,8.95,clear sky
555,Ayan,RU,56.45,138.1667,59.09,87,47,9.69,scattered clouds
556,San Carlos De Bariloche,AR,-41.1456,-71.3082,40.75,70,40,13.8,scattered clouds
557,Hammerfest,NO,70.6634,23.6821,48.65,100,75,10.36,light rain
558,Salinas,US,36.6777,-121.6555,77.81,71,0,14.97,clear sky
559,Hamilton,US,39.1834,-84.5333,78.85,87,0,3.44,clear sky
560,Kupang,ID,-10.1667,123.5833,82.9,51,8,16.04,clear sky
561,Baripada,IN,21.935,86.7214,84.96,71,100,3.27,overcast clouds
562,Sibu,MY,2.3,111.8167,82.71,78,20,0.0,few clouds
563,Guanica,PR,17.9716,-66.908,79.92,86,11,7.36,few clouds
564,Cimitarra,CO,6.3142,-73.9497,74.03,98,93,2.66,moderate rain
565,Winnemucca,US,40.973,-117.7357,100.45,7,0,17.27,clear sky
566,Teguldet,RU,57.3064,88.1667,66.7,60,69,3.33,broken clouds
567,Mantua,IT,45.1667,10.7833,75.81,81,6,6.15,clear sky
568,Menongue,AO,-14.6585,17.691,49.6,43,36,5.21,scattered clouds
569,Leshukonskoye,RU,64.8989,45.7622,62.69,80,7,7.07,clear sky
570,Mashhad,IR,36.297,59.6062,77.14,50,0,4.61,clear sky
571,Chalmette,US,29.9427,-89.9634,87.01,70,0,4.61,clear sky
572,Sinnamary,GF,5.3833,-52.95,77.95,84,94,4.52,overcast clouds
573,Najran,SA,17.4924,44.1277,81.25,50,96,3.6,overcast clouds
574,Puerto Leguizamo,CO,-0.1934,-74.7819,68.92,99,96,2.35,overcast clouds
575,Srivardhan,IN,18.0333,73.0167,79.07,86,100,3.89,overcast clouds
576,Laguna De Perlas,NI,12.3429,-83.6712,77.68,87,100,7.36,overcast clouds
577,Mont-De-Marsan,FR,44.0,-0.6667,62.08,77,1,3.44,clear sky
578,Irbeyskoye,RU,55.6428,95.4522,63.88,66,98,2.17,overcast clouds
579,Zhigansk,RU,66.7697,123.3711,77.58,49,4,4.43,clear sky
580,Teguise,ES,29.0605,-13.564,70.02,78,100,16.11,overcast clouds
581,Tonneins,FR,44.3921,0.3124,64.62,91,1,4.99,clear sky
582,Roald,NO,62.5833,6.1333,49.75,87,100,4.61,overcast clouds
583,Chicama,PE,-7.8447,-79.1469,59.54,84,43,7.72,scattered clouds
584,Natal,BR,-5.795,-35.2094,75.42,88,0,5.75,clear sky
585,Salina,US,38.8403,-97.6114,87.93,61,0,6.91,clear sky
586,San Pedro,PH,14.35,121.0167,86.36,84,75,8.05,broken clouds
587,Ilinskiy,RU,55.619,38.1182,65.91,94,28,0.0,fog
588,Feijo,BR,-8.1642,-70.3536,76.03,68,45,1.32,scattered clouds
589,La Rioja,ES,42.25,-2.5,55.18,87,0,3.18,clear sky
590,Buique,BR,-8.6231,-37.1558,57.96,95,10,3.8,clear sky
591,Sola,VU,-13.8833,167.55,79.86,78,100,11.18,light rain
592,Krasnyy Oktyabr,RU,56.1167,38.8833,63.27,94,68,4.27,broken clouds
593,Tecoanapa,MX,16.5167,-98.75,78.85,84,100,4.14,overcast clouds
594,Thabazimbi,ZA,-24.5917,27.4116,58.32,45,3,3.69,clear sky
595,Jiaohe,CN,43.7286,127.3447,81.21,69,100,2.26,overcast clouds
596,Canmore,CA,51.0834,-115.3521,82.51,32,34,8.05,scattered clouds
597,Yongchang,CN,30.0381,119.7317,91.11,52,2,2.91,clear sky
598,Magadi,IN,12.9667,77.2333,73.56,83,91,3.67,overcast clouds
599,Mabiton,PH,12.8334,123.2612,84.4,74,100,7.78,light rain
600,Chishtian Mandi,PK,29.8,72.8667,89.96,65,66,6.78,broken clouds
601,Port Lincoln,AU,-34.7333,135.8667,58.3,67,3,8.77,clear sky
602,Progreso,MX,21.2833,-89.6667,76.1,85,43,15.23,scattered clouds
603,Vianopolis,BR,-16.7419,-48.5164,60.08,53,0,4.88,clear sky
604,Comodoro Rivadavia,AR,-45.8667,-67.5,44.46,49,0,14.97,clear sky
605,Mollendo,PE,-17.0231,-72.0147,59.2,83,69,8.08,broken clouds
606,Whitehorse,CA,60.7161,-135.0538,63.37,48,100,8.05,overcast clouds
607,Skelleftea,SE,64.7507,20.9528,52.16,90,100,10.36,overcast clouds
608,Nouakchott,MR,18.0858,-15.9785,80.53,85,65,24.7,broken clouds
609,Talas,TR,38.6908,35.5538,57.87,63,0,6.91,clear sky
610,Mersing,MY,2.4312,103.8405,76.91,100,40,3.44,scattered clouds
611,Sibolga,ID,1.7427,98.7792,83.37,60,43,1.28,scattered clouds
612,Borogontsy,RU,62.6683,131.1683,86.11,39,12,3.11,few clouds
613,Waipawa,NZ,-41.4122,175.5153,54.27,81,100,13.78,light rain
614,Demyansk,RU,57.643,32.466,59.88,99,100,2.33,overcast clouds
615,Huarmey,PE,-10.0681,-78.1522,62.91,86,31,10.56,scattered clouds
616,Royan,FR,45.6285,-1.0281,61.79,78,59,7.63,broken clouds
617,Novyy Oskol,RU,50.7631,37.8691,67.17,73,18,3.11,few clouds
618,Port-Gentil,GA,-0.7193,8.7815,75.07,80,99,13.49,overcast clouds
619,Inta,RU,66.0317,60.1659,61.68,60,100,10.02,overcast clouds
620,Bensonville,LR,6.4461,-10.6125,72.75,93,100,5.95,light rain
621,Maltahohe,NA,-24.8333,16.9833,53.22,17,0,9.89,clear sky
622,Bowen,AU,-20.0167,148.2333,65.7,42,0,7.63,clear sky
623,Jumla,NP,29.2747,82.1838,64.87,90,100,2.37,overcast clouds
624,Calama,CL,-22.4667,-68.9333,48.69,20,62,12.66,broken clouds
625,Dakar,SN,14.6937,-17.4441,81.48,82,61,18.21,broken clouds
626,Bilma,NE,18.6853,12.9164,83.79,49,73,12.28,broken clouds
627,Talaya,RU,61.3833,152.75,62.73,37,33,8.19,scattered clouds
628,Grand Island,US,40.925,-98.342,82.69,69,75,6.91,broken clouds
629,Haines Junction,CA,60.7522,-137.5108,55.35,71,100,4.61,overcast clouds
630,Puerto El Triunfo,SV,13.2833,-88.55,83.32,83,69,1.34,broken clouds
631,Vargem Grande Do Sul,BR,-21.8322,-46.8936,57.65,50,15,3.71,few clouds
632,Mindelo,CV,16.8901,-24.9804,81.95,74,40,5.75,scattered clouds
633,Havoysund,NO,70.9963,24.6622,48.43,89,100,21.56,light rain
634,Peniche,PT,39.3558,-9.3811,65.28,90,0,13.02,clear sky
635,Gayny,RU,60.3071,54.3241,57.06,74,16,1.03,few clouds
636,Ibimirim,BR,-8.5406,-37.6903,64.72,86,5,8.57,clear sky
637,Levelland,US,33.5873,-102.378,93.18,27,3,10.0,clear sky
638,Usinsk,RU,65.9939,57.5281,61.07,61,60,12.57,broken clouds
639,Ngozi,BI,-2.9075,29.8306,56.59,75,43,2.84,scattered clouds
640,Gazli,UZ,40.1333,63.45,84.58,25,3,12.37,clear sky
641,Skegness,GB,53.1436,0.3363,60.06,72,100,10.47,overcast clouds
642,Markivka,UA,49.5229,39.5705,67.01,80,65,5.26,broken clouds
643,Tocopilla,CL,-22.092,-70.1979,62.01,71,90,10.54,overcast clouds
644,Havre-Saint-Pierre,CA,50.2334,-63.5986,55.76,94,0,6.91,clear sky
645,Kudahuvadhoo,MV,2.6708,72.8944,82.4,74,100,14.79,overcast clouds
646,Cartagena Del Chaira,CO,1.3349,-74.8429,69.04,99,100,3.62,overcast clouds
647,Prince Rupert,CA,54.3161,-130.3201,67.69,80,0,14.97,clear sky
648,Carutapera,BR,-1.195,-46.02,75.13,88,100,5.61,overcast clouds
649,Channel-Port Aux Basques,CA,47.5702,-59.1367,60.73,91,0,9.06,clear sky
650,Skjervoy,NO,70.0311,20.9714,50.0,87,100,12.97,light rain
651,Kharian,PK,32.8149,73.8636,79.75,86,36,11.88,scattered clouds
652,Gizo,SB,-8.103,156.8419,84.61,67,5,7.38,clear sky
653,Villa Bruzual,VE,9.3328,-69.1208,72.54,96,93,0.67,overcast clouds
654,Buenos Aires,AR,-34.6132,-58.3772,63.0,95,100,2.3,overcast clouds
655,Chuncheng,CN,22.1731,111.7886,89.8,64,9,1.48,clear sky
656,Gimbi,ET,9.1667,35.8333,54.64,98,100,1.28,light rain
657,Simao,CN,22.7886,100.9748,70.95,89,100,1.66,light rain
658,Araouane,ML,18.9048,-3.5265,96.13,9,0,9.78,clear sky
659,Shimoda,JP,34.6667,138.95,87.1,77,94,8.77,overcast clouds
660,Fornosovo,RU,59.5689,30.5544,57.56,94,0,4.76,clear sky
661,Beloha,MG,-25.1667,45.05,57.78,81,0,4.61,clear sky
662,Wanning,CN,18.8003,110.3967,86.95,65,55,1.5,broken clouds
663,Ukiah,US,39.1502,-123.2078,96.69,33,0,5.75,clear sky
664,Gorontalo,ID,0.5412,123.0595,84.29,74,42,7.27,moderate rain
665,Yar-Sale,RU,66.8333,70.8333,59.99,63,100,12.37,overcast clouds
666,Murgab,TM,37.4966,61.9714,76.87,50,0,9.22,clear sky
667,Nabire,ID,-3.3667,135.4833,81.81,83,13,1.66,few clouds
668,Abu Dhabi,AE,24.4667,54.3667,87.91,60,65,11.5,broken clouds
669,Tamiahua,MX,21.2667,-97.45,81.16,80,3,9.33,clear sky
670,Key Largo,US,25.0865,-80.4473,83.98,66,3,12.06,clear sky
671,Paciran,ID,-6.8767,112.3761,82.98,70,73,8.23,broken clouds
672,Ossipee,US,43.6854,-71.1167,69.33,84,100,2.75,overcast clouds
673,Pangnirtung,CA,66.1451,-65.7125,54.72,67,100,1.83,overcast clouds
674,Cedar City,US,37.6775,-113.0619,65.39,72,100,11.5,overcast clouds
675,Montes Altos,BR,-5.8333,-47.0667,76.06,47,67,2.64,broken clouds
676,Maloy,NO,61.9353,5.1136,46.13,72,18,6.64,few clouds
677,Murray,US,40.6669,-111.888,94.17,18,0,9.22,clear sky
678,Tres Arroyos,AR,-38.3739,-60.2798,48.83,93,100,13.78,overcast clouds
679,Sao Gabriel Da Cachoeira,BR,-0.1303,-67.0892,72.05,98,66,1.05,broken clouds
680,Waddan,LY,29.1614,16.139,78.33,41,0,4.32,clear sky
681,Farmington,US,36.7281,-108.2187,83.08,34,0,11.5,clear sky
682,Masyaf,SY,35.0653,36.3406,73.45,40,0,3.94,clear sky
683,Karratha,AU,-20.7377,116.8463,77.68,36,0,15.95,clear sky
684,Gouyave,GD,12.1646,-61.7296,77.77,89,40,10.36,scattered clouds
685,Altagracia De Orituco,VE,9.8601,-66.3814,70.52,97,87,4.43,overcast clouds
686,Lavrentiya,RU,65.5833,-171.0,41.9,82,100,7.31,overcast clouds
687,Bairiki,KI,1.3292,172.9752,86.0,74,75,11.5,broken clouds
688,Lagunas,PE,-5.2269,-75.6753,75.22,86,86,2.75,overcast clouds
